"Município (Res)";"Freqüência"
"110040 Alto Paraíso";1
"110034 Alvorada D'Oeste";2
"110002 Ariquemes";23
"110045 Buritis";3
"110004 Cacoal";11
"110080 Candeias do Jamari";1
"110090 Castanheiras";1
"110005 Cerejeiras";4
"110092 Chupinguaia";2
"110006 Colorado do Oeste";1
"110008 Costa Marques";2
"110094 Cujubim";5
"110009 Espigão D'Oeste";1
"110010 Guajará-Mirim";8
"110110 Itapuã do Oeste";3
"110011 Jaru";5
"110012 Ji-Paraná";25
"110130 Mirante da Serra";1
"110140 Monte Negro";1
"110033 Nova Mamoré";3
"110015 Ouro Preto do Oeste";2
"110018 Pimenta Bueno";9
"110020 Porto Velho";224
"110025 Presidente Médici";4
"110147 Primavera de Rondônia";1
"110026 Rio Crespo";1
"110028 Rolim de Moura";6
"110149 São Francisco do Guaporé";1
"110030 Vilhena";3
"120001 Acrelândia";2
"120010 Brasiléia";1
"120013 Bujari";1
"120017 Capixaba";2
"120020 Cruzeiro do Sul";5
"120038 Plácido de Castro";1
"120080 Porto Acre";1
"120040 Rio Branco";47
"120043 Santa Rosa do Purus";1
"120050 Sena Madureira";3
"120045 Senador Guiomard";3
"120060 Tarauacá";1
"130002 Alvarães";2
"130006 Amaturá";2
"130014 Apuí";6
"130030 Autazes";2
"130040 Barcelos";1
"130050 Barreirinha";2
"130060 Benjamin Constant";3
"130070 Boca do Acre";2
"130080 Borba";7
"130100 Carauari";1
"130110 Careiro";3
"130115 Careiro da Várzea";2
"130120 Coari";6
"130130 Codajás";3
"130160 Fonte Boa";3
"130170 Humaitá";11
"130185 Iranduba";13
"130190 Itacoatiara";8
"130200 Itapiranga";1
"130240 Lábrea";2
"130250 Manacapuru";14
"130260 Manaus";1070
"130270 Manicoré";4
"130290 Maués";11
"130310 Nova Olinda do Norte";4
"130320 Novo Airão";2
"130340 Parintins";9
"130350 Pauini";1
"130356 Rio Preto da Eva";4
"130370 Santo Antônio do Içá";1
"130380 São Gabriel da Cachoeira";4
"130390 São Paulo de Olivença";1
"130400 Silves";1
"130406 Tabatinga";6
"130420 Tefé";10
"130426 Uarini";1
"130430 Urucará";1
"130440 Urucurituba";1
"130000 Município ignorado - AM";2
"140002 Amajari";1
"140010 Boa Vista";118
"140017 Cantá";3
"140020 Caracaraí";3
"140028 Iracema";1
"140030 Mucajaí";6
"140045 Pacaraima";2
"140047 Rorainópolis";5
"140050 São João da Baliza";2
"140060 São Luiz";1
"150010 Abaetetuba";20
"150013 Abel Figueiredo";1
"150020 Acará";9
"150030 Afuá";1
"150040 Alenquer";4
"150060 Altamira";14
"150080 Ananindeua";186
"150085 Anapu";3
"150090 Augusto Corrêa";19
"150095 Aurora do Pará";1
"150100 Aveiro";2
"150110 Bagre";1
"150120 Baião";6
"150130 Barcarena";27
"150140 Belém";672
"150145 Belterra";6
"150150 Benevides";21
"150157 Bom Jesus do Tocantins";1
"150160 Bonito";2
"150170 Bragança";29
"150172 Brasil Novo";2
"150175 Brejo Grande do Araguaia";1
"150178 Breu Branco";3
"150180 Breves";6
"150190 Bujaru";10
"150200 Cachoeira do Arari";3
"150210 Cametá";6
"150215 Canaã dos Carajás";16
"150220 Capanema";10
"150230 Capitão Poço";10
"150240 Castanhal";58
"150260 Colares";2
"150270 Conceição do Araguaia";3
"150275 Concórdia do Pará";3
"150276 Cumaru do Norte";1
"150277 Curionópolis";7
"150280 Curralinho";2
"150285 Curuá";3
"150290 Curuçá";9
"150293 Dom Eliseu";14
"150295 Eldorado dos Carajás";8
"150304 Floresta do Araguaia";1
"150307 Garrafão do Norte";2
"150309 Goianésia do Pará";4
"150310 Gurupá";3
"150320 Igarapé-Açu";6
"150330 Igarapé-Miri";4
"150345 Ipixuna do Pará";4
"150350 Irituia";1
"150360 Itaituba";59
"150370 Itupiranga";9
"150375 Jacareacanga";4
"150380 Jacundá";10
"150390 Juruti";8
"150400 Limoeiro do Ajuru";1
"150405 Mãe do Rio";15
"150420 Marabá";111
"150430 Maracanã";3
"150440 Marapanim";4
"150442 Marituba";42
"150470 Moju";4
"150480 Monte Alegre";4
"150490 Muaná";1
"150497 Nova Ipixuna";2
"150503 Novo Progresso";11
"150506 Novo Repartimento";17
"150510 Óbidos";8
"150520 Oeiras do Pará";3
"150530 Oriximiná";8
"150543 Ourilândia do Norte";4
"150548 Pacajá";3
"150549 Palestina do Pará";1
"150550 Paragominas";34
"150553 Parauapebas";99
"150555 Pau D'Arco";1
"150563 Piçarra";2
"150565 Placas";3
"150570 Ponta de Pedras";4
"150580 Portel";1
"150590 Porto de Moz";3
"150610 Primavera";6
"150611 Quatipuru";4
"150613 Redenção";23
"150616 Rio Maria";2
"150618 Rondon do Pará";3
"150619 Rurópolis";2
"150620 Salinópolis";9
"150630 Salvaterra";2
"150635 Santa Bárbara do Pará";2
"150640 Santa Cruz do Arari";1
"150650 Santa Isabel do Pará";10
"150655 Santa Luzia do Pará";1
"150658 Santa Maria das Barreiras";1
"150660 Santa Maria do Pará";7
"150670 Santana do Araguaia";2
"150680 Santarém";90
"150690 Santarém Novo";2
"150700 Santo Antônio do Tauá";7
"150710 São Caetano de Odivelas";6
"150715 São Domingos do Araguaia";5
"150720 São Domingos do Capim";1
"150730 São Félix do Xingu";6
"150740 São Francisco do Pará";2
"150745 São Geraldo do Araguaia";6
"150746 São João da Ponta";2
"150747 São João de Pirabas";2
"150750 São João do Araguaia";1
"150760 São Miguel do Guamá";11
"150770 São Sebastião da Boa Vista";2
"150775 Sapucaia";1
"150790 Soure";6
"150795 Tailândia";20
"150796 Terra Alta";1
"150797 Terra Santa";1
"150800 Tomé-Açu";19
"150803 Tracuateua";2
"150805 Trairão";1
"150808 Tucumã";8
"150810 Tucuruí";33
"150812 Ulianópolis";7
"150815 Uruará";5
"150820 Vigia";19
"150830 Viseu";4
"150835 Vitória do Xingu";2
"150840 Xinguara";4
"160010 Amapá";2
"160020 Calçoene";4
"160023 Ferreira Gomes";1
"160025 Itaubal";1
"160027 Laranjal do Jari";4
"160030 Macapá";102
"160040 Mazagão";1
"160050 Oiapoque";6
"160015 Pedra Branca do Amapari";4
"160053 Porto Grande";3
"160060 Santana";9
"160070 Tartarugalzinho";2
"170030 Aguiarnópolis";3
"170035 Aliança do Tocantins";2
"170070 Alvorada";3
"170100 Ananás";1
"170210 Araguaína";46
"170220 Araguatins";5
"170230 Arapoema";6
"170255 Augustinópolis";1
"170290 Axixá do Tocantins";2
"170370 Brejinho de Nazaré";2
"170550 Colinas do Tocantins";5
"170600 Couto de Magalhães";2
"170610 Cristalândia";1
"170650 Darcinópolis";1
"170700 Dianópolis";1
"170720 Dois Irmãos do Tocantins";1
"170740 Esperantina";4
"170755 Fátima";1
"170770 Filadélfia";1
"170900 Goiatins";1
"170930 Guaraí";4
"170950 Gurupi";19
"171250 Marianópolis do Tocantins";2
"171320 Miracema do Tocantins";1
"171330 Miranorte";1
"171420 Natividade";1
"171488 Nova Olinda";2
"172100 Palmas";60
"171575 Palmeirópolis";1
"171610 Paraíso do Tocantins";13
"171650 Pedro Afonso";2
"171660 Peixe";2
"171750 Pium";1
"171820 Porto Nacional";5
"171845 Pugmil";1
"171855 Riachinho";1
"171875 Rio Sono";1
"171889 Santa Rita do Tocantins";1
"172010 São Bento do Tocantins";1
"172020 São Miguel do Tocantins";3
"172025 São Salvador do Tocantins";1
"172030 São Sebastião do Tocantins";2
"172080 Sítio Novo do Tocantins";1
"172090 Taguatinga";1
"172093 Taipas do Tocantins";1
"172210 Xambioá";1
"210005 Açailândia";14
"210015 Água Doce do Maranhão";2
"210020 Alcântara";4
"210030 Aldeias Altas";6
"210040 Altamira do Maranhão";2
"210043 Alto Alegre do Maranhão";8
"210047 Alto Alegre do Pindaré";4
"210060 Amarante do Maranhão";3
"210070 Anajatuba";1
"210080 Anapurus";1
"210083 Apicum-Açu";3
"210090 Araioses";6
"210100 Arari";4
"210110 Axixá";1
"210120 Bacabal";43
"210125 Bacabeira";7
"210130 Bacuri";1
"210140 Balsas";14
"210160 Barra do Corda";22
"210170 Barreirinhas";23
"210190 Bequimão";1
"210193 Bernardo do Mearim";1
"210197 Boa Vista do Gurupi";1
"210200 Bom Jardim";3
"210203 Bom Jesus das Selvas";6
"210207 Bom Lugar";1
"210210 Brejo";1
"210230 Buriti Bravo";1
"210232 Buriticupu";17
"210235 Buritirana";3
"210237 Cachoeira Grande";1
"210250 Cajari";2
"210255 Campestre do Maranhão";4
"210270 Cantanhede";3
"210290 Carutapera";7
"210300 Caxias";43
"210310 Cedral";2
"210315 Centro do Guilherme";1
"210317 Centro Novo do Maranhão";1
"210320 Chapadinha";4
"210325 Cidelândia";1
"210330 Codó";42
"210340 Coelho Neto";5
"210350 Colinas";8
"210355 Conceição do Lago-Açu";3
"210360 Coroatá";9
"210370 Cururupu";7
"210375 Davinópolis";4
"210380 Dom Pedro";5
"210400 Esperantinópolis";3
"210405 Estreito";9
"210409 Formosa da Serra Negra";1
"210420 Fortuna";4
"210440 Gonçalves Dias";1
"210450 Governador Archer";1
"210455 Governador Edison Lobão";1
"210460 Governador Eugênio Barros";3
"210462 Governador Luiz Rocha";2
"210467 Governador Nunes Freire";10
"210480 Grajaú";10
"210490 Guimarães";4
"210500 Humberto de Campos";5
"210510 Icatu";2
"210515 Igarapé do Meio";2
"210530 Imperatriz";77
"210535 Itaipava do Grajaú";2
"210540 Itapecuru Mirim";7
"210542 Itinga do Maranhão";2
"210545 Jatobá";1
"210547 Jenipapo dos Vieiras";1
"210550 João Lisboa";5
"210560 Joselândia";2
"210565 Junco do Maranhão";1
"210570 Lago da Pedra";9
"210580 Lago do Junco";1
"210594 Lago dos Rodrigues";2
"210590 Lago Verde";2
"210600 Lima Campos";3
"210620 Luís Domingues";2
"210632 Maracaçumé";6
"210637 Maranhãozinho";1
"210660 Matões";3
"210663 Matões do Norte";1
"210675 Miranda do Norte";4
"210680 Mirinzal";4
"210690 Monção";1
"210700 Montes Altos";2
"210710 Morros";4
"210720 Nina Rodrigues";2
"210735 Nova Olinda do Maranhão";1
"210740 Olho d'Água das Cunhãs";5
"210745 Olinda Nova do Maranhão";1
"210750 Paço do Lumiar";30
"210760 Palmeirândia";2
"210770 Paraibano";3
"210780 Parnarama";1
"210790 Passagem Franca";1
"210800 Pastos Bons";2
"210805 Paulino Neves";4
"210810 Paulo Ramos";2
"210820 Pedreiras";13
"210825 Pedro do Rosário";2
"210830 Penalva";4
"210840 Peri Mirim";2
"210845 Peritoró";3
"210850 Pindaré-Mirim";7
"210860 Pinheiro";23
"210870 Pio XII";1
"210880 Pirapemas";3
"210890 Poção de Pedras";2
"210900 Porto Franco";3
"210910 Presidente Dutra";8
"210923 Presidente Médici";5
"210930 Presidente Vargas";2
"210940 Primeira Cruz";1
"210945 Raposa";21
"210960 Rosário";5
"210980 Santa Helena";14
"210990 Santa Inês";8
"211000 Santa Luzia";7
"211003 Santa Luzia do Paruá";3
"211010 Santa Quitéria do Maranhão";2
"211020 Santa Rita";7
"211027 Santo Amaro do Maranhão";1
"211030 Santo Antônio dos Lopes";5
"211040 São Benedito do Rio Preto";2
"211060 São Bernardo";5
"211070 São Domingos do Maranhão";6
"211100 São João Batista";2
"211102 São João do Carú";1
"211107 São João do Soter";3
"211110 São João dos Patos";1
"211120 São José de Ribamar";51
"211130 São Luís";521
"211140 São Luís Gonzaga do Maranhão";3
"211150 São Mateus do Maranhão";13
"211153 São Pedro da Água Branca";3
"211167 São Roberto";1
"211170 São Vicente Ferrer";1
"211172 Satubinha";1
"211176 Senador La Rocque";2
"211180 Sítio Novo";1
"211190 Sucupira do Norte";1
"211200 Tasso Fragoso";2
"211210 Timbiras";3
"211220 Timon";43
"211223 Trizidela do Vale";2
"211230 Tuntum";2
"211240 Turiaçu";6
"211245 Turilândia";1
"211250 Tutóia";5
"211260 Urbano Santos";2
"211270 Vargem Grande";3
"211280 Viana";5
"211285 Vila Nova dos Martírios";1
"211290 Vitória do Mearim";2
"211300 Vitorino Freire";8
"211400 Zé Doca";10
"220020 Água Branca";1
"220030 Alto Longá";2
"220040 Altos";8
"220050 Amarante";3
"220115 Baixa Grande do Ribeiro";1
"220120 Barras";3
"220140 Barro Duro";1
"220160 Beneditinos";1
"220170 Bertolínia";2
"220180 Bocaina";1
"220190 Bom Jesus";2
"220200 Buriti dos Lopes";3
"220208 Cajueiro da Praia";1
"220213 Campo Grande do Piauí";1
"220220 Campo Maior";7
"220230 Canto do Buriti";1
"220255 Caridade do Piauí";2
"220260 Castelo do Piauí";1
"220273 Coivaras";1
"220277 Colônia do Piauí";2
"220330 Demerval Lobão";5
"220340 Dom Expedito Lopes";2
"220370 Esperantina";2
"220380 Flores do Piauí";2
"220390 Floriano";6
"220450 Guadalupe";2
"220480 Ipiranga do Piauí";2
"220500 Itainópolis";1
"220545 Joca Marques";1
"220550 José de Freitas";2
"220560 Landri Sales";1
"220570 Luís Correia";1
"220580 Luzilândia";5
"220585 Madeiro";1
"220610 Matias Olímpio";3
"220620 Miguel Alves";2
"220700 Oeiras";10
"220770 Parnaíba";24
"220775 Passagem Franca do Piauí";1
"220780 Paulistana";3
"220790 Pedro II";2
"220800 Picos";9
"220840 Piripiri";7
"220880 Regeneração";1
"220890 Ribeiro Gonçalves";1
"220900 Rio Grande do Piauí";3
"220940 Santo Antônio de Lisboa";3
"220950 Santo Inácio do Piauí";1
"221020 São José do Piauí";1
"221038 São Miguel da Baixa Grande";1
"221060 São Raimundo Nonato";1
"221100 Teresina";242
"221110 União";2
"221120 Uruçuí";5
"221130 Valença do Piauí";2
"221150 Vera Mendes";1
"230015 Acarape";2
"230020 Acaraú";7
"230030 Acopiara";4
"230050 Alcântaras";1
"230100 Aquiraz";17
"230110 Aracati";15
"230130 Araripe";2
"230150 Arneiroz";2
"230170 Aurora";2
"230180 Baixio";1
"230190 Barbalha";3
"230195 Barreira";2
"230200 Barro";1
"230220 Beberibe";5
"230240 Boa Viagem";2
"230250 Brejo Santo";1
"230260 Camocim";5
"230270 Campos Sales";1
"230280 Canindé";13
"230290 Capistrano";1
"230300 Caridade";1
"230320 Caririaçu";1
"230350 Cascavel";4
"230370 Caucaia";58
"230380 Cedro";2
"230395 Chorozinho";3
"230410 Crateús";3
"230420 Crato";16
"230423 Croatá";1
"230425 Cruz";2
"230428 Eusébio";12
"230435 Forquilha";2
"230440 Fortaleza";690
"230450 Frecheirinha";4
"230465 Graça";1
"230470 Granja";1
"230490 Groaíras";1
"230495 Guaiúba";4
"230500 Guaraciaba do Norte";4
"230510 Guaramiranga";1
"230523 Horizonte";9
"230526 Ibaretama";2
"230533 Ibicuitinga";2
"230535 Icapuí";1
"230540 Icó";1
"230550 Iguatu";20
"230560 Independência";1
"230580 Ipu";4
"230590 Ipueiras";1
"230625 Itaitinga";16
"230630 Itapagé";2
"230640 Itapipoca";15
"230655 Itarema";3
"230690 Jaguaribe";7
"230700 Jaguaruana";1
"230720 Jati";3
"230725 Jijoca de Jericoacoara";2
"230730 Juazeiro do Norte";28
"230750 Lavras da Mangabeira";2
"230760 Limoeiro do Norte";2
"230763 Madalena";1
"230765 Maracanaú";52
"230770 Maranguape";11
"230780 Marco";1
"230800 Massapê";2
"230810 Mauriti";1
"230830 Milagres";1
"230835 Milhã";3
"230837 Miraíma";1
"230840 Missão Velha";3
"230850 Mombaça";3
"230870 Morada Nova";2
"230900 Mucambo";1
"230930 Nova Russas";2
"230945 Ocara";4
"230950 Orós";3
"230960 Pacajus";17
"230970 Pacatuba";12
"230980 Pacoti";5
"231000 Palhano";1
"231010 Palmácia";2
"231020 Paracuru";7
"231025 Paraipaba";1
"231050 Pedra Branca";1
"231060 Penaforte";1
"231070 Pentecoste";10
"231080 Pereiro";2
"231085 Pindoretama";4
"231100 Poranga";1
"231110 Porteiras";1
"231130 Quixadá";8
"231140 Quixeramobim";1
"231160 Redenção";2
"231170 Reriutaba";1
"231180 Russas";8
"231195 Salitre";1
"231220 Santa Quitéria";1
"231200 Santana do Acaraú";2
"231230 São Benedito";1
"231240 São Gonçalo do Amarante";4
"231260 São Luís do Curu";2
"231270 Senador Pompeu";3
"231290 Sobral";33
"231310 Tabuleiro do Norte";5
"231320 Tamboril";2
"231330 Tauá";4
"231335 Tejuçuoca";1
"231340 Tianguá";3
"231350 Trairi";3
"231375 Umirim";3
"231380 Uruburetama";3
"231395 Varjota";1
"231400 Várzea Alegre";1
"231410 Viçosa do Ceará";3
"240020 Açu";9
"240060 Almino Afonso";1
"240070 Alto do Rodrigues";1
"240080 Angicos";7
"240090 Antônio Martins";1
"240100 Apodi";4
"240110 Areia Branca";2
"240130 Augusto Severo";1
"240145 Baraúna";3
"240150 Barcelona";2
"240160 Bento Fernandes";2
"240170 Bom Jesus";1
"240200 Caicó";7
"240220 Canguaretama";8
"240240 Carnaúba dos Dantas";1
"240260 Ceará-Mirim";6
"240270 Cerro Corá";2
"240280 Coronel Ezequiel";1
"240360 Extremoz";10
"240380 Florânia";1
"240400 Frutuoso Gomes";1
"240410 Galinhos";1
"240420 Goianinha";2
"240440 Grossos";1
"240450 Guamaré";4
"240460 Ielmo Marinho";1
"240470 Ipanguaçu";2
"240480 Ipueira";1
"240485 Itajá";2
"240500 Jaçanã";2
"240560 Jardim de Piranhas";1
"240580 João Câmara";1
"240600 José da Penha";1
"240610 Jucurutu";3
"240670 Lajes";2
"240710 Macaíba";10
"240720 Macau";4
"240725 Major Sales";1
"240740 Martins";1
"240800 Mossoró";58
"240810 Natal";211
"240820 Nísia Floresta";3
"240830 Nova Cruz";3
"240890 Parelhas";1
"240325 Parnamirim";39
"240910 Passa e Fica";1
"240930 Patu";4
"240940 Pau dos Ferros";3
"240990 Pendências";2
"241010 Poço Branco";1
"241030 Presidente Juscelino";2
"241050 Rafael Fernandes";1
"241080 Riacho de Santana";1
"241120 Santa Cruz";3
"241150 Santo Antônio";3
"241190 São Francisco do Oeste";3
"241200 São Gonçalo do Amarante";10
"241220 São José de Mipibu";1
"241230 São José do Campestre";2
"241240 São José do Seridó";1
"241280 São Rafael";6
"241310 Senador Elói de Souza";2
"241320 Senador Georgino Avelino";1
"241355 Serrinha dos Pintos";1
"241370 Sítio Novo";1
"241400 Tangará";2
"241420 Tibau do Sul";3
"241450 Umarizal";1
"241470 Várzea";1
"241480 Vera Cruz";1
"250010 Água Branca";2
"250030 Alagoa Grande";3
"250053 Alcantil";1
"250060 Alhandra";1
"250080 Araçagi";1
"250090 Arara";1
"250100 Araruna";1
"250110 Areia";1
"250130 Aroeiras";1
"250140 Baía da Traição";4
"250150 Bananeiras";1
"250157 Barra de Santana";2
"250180 Bayeux";23
"250220 Bom Jesus";2
"250230 Bom Sucesso";2
"250280 Brejo do Cruz";1
"250300 Caaporã";2
"250320 Cabedelo";17
"250350 Cacimba de Dentro";1
"250370 Cajazeiras";3
"250400 Campina Grande";61
"251640 Campo de Santana";1
"250403 Capim";1
"250430 Catolé do Rocha";1
"250435 Caturité";1
"250440 Conceição";4
"250460 Conde";9
"250490 Cruz do Espírito Santo";3
"250500 Cubati";2
"250510 Cuité";3
"250520 Cuitegi";1
"250570 Dona Inês";1
"250600 Esperança";3
"250610 Fagundes";1
"250630 Guarabira";14
"250640 Gurinhém";3
"250690 Itabaiana";2
"250700 Itaporanga";1
"250710 Itapororoca";4
"250720 Itatuba";1
"250740 Jericó";1
"250750 João Pessoa";229
"250760 Juarez Távora";1
"250770 Juazeirinho";1
"250780 Junco do Seridó";1
"250790 Juripiranga";2
"250820 Lagoa de Dentro";1
"250830 Lagoa Seca";3
"250850 Livramento";1
"250860 Lucena";1
"250890 Mamanguape";12
"250905 Marcação";1
"250910 Mari";2
"250915 Marizópolis";4
"250920 Massaranduba";2
"250930 Mataraca";1
"251040 Olho d'Água";1
"251080 Patos";12
"251090 Paulista";1
"251100 Pedra Branca";1
"251120 Pedras de Fogo";2
"251140 Picuí";1
"251150 Pilar";1
"251190 Pitimbu";6
"251210 Pombal";4
"251250 Queimadas";6
"251270 Remígio";1
"251280 Riacho dos Cavalos";1
"251290 Rio Tinto";7
"251320 Santa Cruz";1
"251340 Santa Luzia";1
"251370 Santa Rita";22
"251380 Santa Teresinha";1
"251385 Santo André";1
"251390 São Bento";3
"251398 São Francisco";1
"251400 São João do Cariri";1
"251420 São José da Lagoa Tapada";1
"251460 São José do Bonfim";1
"251480 São José dos Cordeiros";1
"251445 São José dos Ramos";2
"251510 São Sebastião de Lagoa de Roça";2
"251530 Sapé";5
"251540 Seridó";2
"251590 Serraria";1
"251600 Solânea";1
"251610 Soledade";1
"251620 Sousa";7
"251630 Sumé";5
"251650 Taperoá";1
"251660 Tavares";1
"251670 Teixeira";1
"260005 Abreu e Lima";27
"260010 Afogados da Ingazeira";6
"260020 Afrânio";1
"260030 Agrestina";1
"260040 Água Preta";6
"260050 Águas Belas";2
"260060 Alagoinha";1
"260070 Aliança";8
"260090 Amaraji";1
"260100 Angelim";3
"260105 Araçoiaba";4
"260120 Arcoverde";5
"260130 Barra de Guabiraba";1
"260140 Barreiros";6
"260150 Belém de Maria";2
"260160 Belém de São Francisco";4
"260170 Belo Jardim";6
"260180 Betânia";2
"260190 Bezerros";2
"260200 Bodocó";3
"260220 Bom Jardim";2
"260230 Bonito";3
"260260 Brejo da Madre de Deus";6
"260270 Buenos Aires";1
"260280 Buíque";1
"260290 Cabo de Santo Agostinho";71
"260310 Cachoeirinha";1
"260345 Camaragibe";54
"260380 Capoeiras";1
"260392 Carnaubeira da Penha";1
"260400 Carpina";8
"260410 Caruaru";65
"260415 Casinhas";1
"260420 Catende";6
"260440 Chã de Alegria";1
"260450 Chã Grande";1
"260460 Condado";3
"260470 Correntes";1
"260480 Cortês";1
"260490 Cumaru";1
"260500 Cupira";2
"260510 Custódia";1
"260520 Escada";14
"260530 Exu";1
"260540 Feira Nova";2
"260550 Ferreiros";1
"260560 Flores";3
"260570 Floresta";1
"260590 Gameleira";2
"260600 Garanhuns";18
"260620 Goiana";28
"260640 Gravatá";17
"260680 Igarassu";25
"260760 Ilha de Itamaracá";3
"260710 Ingazeira";1
"260720 Ipojuca";31
"260730 Ipubi";2
"260740 Itacuruba";1
"260750 Itaíba";1
"260765 Itambé";2
"260770 Itapetim";2
"260775 Itapissuma";10
"260780 Itaquitinga";4
"260790 Jaboatão dos Guararapes";254
"260805 Jatobá";1
"260810 João Alfredo";1
"260820 Joaquim Nabuco";1
"260825 Jucati";1
"260830 Jupi";1
"260840 Jurema";3
"260845 Lagoa do Carro";1
"260850 Lagoa do Itaenga";1
"260860 Lagoa do Ouro";2
"260875 Lagoa Grande";1
"260880 Lajedo";7
"260890 Limoeiro";12
"260915 Manari";2
"260920 Maraial";1
"260930 Mirandiba";1
"260940 Moreno";8
"260950 Nazaré da Mata";7
"260960 Olinda";135
"260970 Orobó";1
"260980 Orocó";1
"260990 Ouricuri";2
"261000 Palmares";16
"261060 Paudalho";4
"261070 Paulista";66
"261080 Pedra";1
"261090 Pesqueira";7
"261110 Petrolina";45
"261130 Pombos";2
"261140 Primavera";1
"261160 Recife";535
"261180 Ribeirão";5
"261190 Rio Formoso";7
"261210 Salgadinho";1
"261220 Salgueiro";6
"261240 Sanharó";1
"261250 Santa Cruz do Capibaribe";9
"261260 Santa Maria da Boa Vista";2
"261280 Santa Terezinha";1
"261290 São Benedito do Sul";1
"261300 São Bento do Una";1
"261310 São Caitano";5
"261320 São João";5
"261330 São Joaquim do Monte";3
"261340 São José da Coroa Grande";2
"261350 São José do Belmonte";3
"261370 São Lourenço da Mata";31
"261380 São Vicente Ferrer";1
"261390 Serra Talhada";2
"261400 Serrita";1
"261410 Sertânia";1
"261420 Sirinhaém";8
"261450 Surubim";4
"261460 Tabira";1
"261470 Tacaimbó";3
"261485 Tamandaré";7
"261500 Taquaritinga do Norte";6
"261530 Timbaúba";5
"261540 Toritama";2
"261560 Trindade";4
"261610 Verdejante";1
"261618 Vertente do Lério";1
"261620 Vertentes";2
"261630 Vicência";3
"261640 Vitória de Santo Antão";24
"261650 Xexéu";2
"260000 Município ignorado - PE";1
"270020 Anadia";2
"270030 Arapiraca";27
"270040 Atalaia";2
"270050 Barra de Santo Antônio";2
"270060 Barra de São Miguel";3
"270070 Batalha";2
"270100 Boca da Mata";2
"270130 Cajueiro";2
"270135 Campestre";1
"270140 Campo Alegre";2
"270160 Canapi";1
"270210 Colônia Leopoldina";2
"270230 Coruripe";6
"270235 Craíbas";1
"270240 Delmiro Gouveia";1
"270255 Estrela de Alagoas";1
"270260 Feira Grande";1
"270270 Feliz Deserto";1
"270290 Girau do Ponciano";1
"270310 Igaci";2
"270330 Inhapi";1
"270360 Japaratinga";2
"270375 Jequiá da Praia";1
"270380 Joaquim Gomes";3
"270400 Junqueiro";5
"270420 Limoeiro de Anadia";1
"270430 Maceió";238
"270450 Maragogi";4
"270460 Maravilha";1
"270470 Marechal Deodoro";6
"270480 Maribondo";3
"270510 Matriz de Camaragibe";9
"270520 Messias";3
"270550 Murici";9
"270560 Novo Lino";1
"270570 Olho d'Água das Flores";1
"270630 Palmeira dos Índios";13
"270640 Pão de Açúcar";3
"270650 Passo de Camaragibe";3
"270660 Paulo Jacinto";1
"270670 Penedo";7
"270680 Piaçabuçu";2
"270690 Pilar";2
"270710 Piranhas";2
"270730 Porto Calvo";2
"270750 Porto Real do Colégio";1
"270770 Rio Largo";8
"270800 Santana do Ipanema";3
"270810 Santana do Mundaú";1
"270850 São Luís do Quitunde";3
"270860 São Miguel dos Campos";5
"270870 São Miguel dos Milagres";1
"270880 São Sebastião";1
"270890 Satuba";1
"270915 Teotônio Vilela";6
"270920 Traipu";1
"270930 União dos Palmares";9
"270940 Viçosa";1
"280010 Amparo de São Francisco";1
"280020 Aquidabã";1
"280030 Aracaju";178
"280040 Arauá";1
"280050 Areia Branca";2
"280060 Barra dos Coqueiros";2
"280067 Boquim";3
"280070 Brejo Grande";1
"280120 Canindé de São Francisco";8
"280130 Capela";7
"280140 Carira";2
"280150 Carmópolis";3
"280160 Cedro de São João";2
"280170 Cristinápolis";4
"280190 Cumbe";1
"280200 Divina Pastora";1
"280210 Estância";13
"280220 Feira Nova";1
"280230 Frei Paulo";1
"280250 General Maynard";1
"280270 Ilha das Flores";2
"280290 Itabaiana";13
"280300 Itabaianinha";3
"280320 Itaporanga d'Ajuda";2
"280330 Japaratuba";7
"280350 Lagarto";12
"280360 Laranjeiras";7
"280390 Malhador";2
"280400 Maruim";2
"280420 Monte Alegre de Sergipe";1
"280440 Neópolis";1
"280450 Nossa Senhora da Glória";3
"280460 Nossa Senhora das Dores";5
"280480 Nossa Senhora do Socorro";28
"280490 Pacatuba";1
"280500 Pedra Mole";1
"280510 Pedrinhas";1
"280540 Poço Redondo";4
"280560 Porto da Folha";3
"280570 Propriá";9
"280580 Riachão do Dantas";1
"280620 Salgado";3
"280630 Santa Luzia do Itanhy";4
"280640 Santana do São Francisco";2
"280660 Santo Amaro das Brotas";2
"280670 São Cristóvão";14
"280710 Simão Dias";4
"280740 Tobias Barreto";8
"280750 Tomar do Geru";3
"280760 Umbaúba";3
"290030 Acajutiba";1
"290040 Água Fria";1
"290060 Aiquara";1
"290070 Alagoinhas";10
"290080 Alcobaça";4
"290100 Amargosa";3
"290110 Amélia Rodrigues";2
"290135 Andorinha";1
"290170 Antônio Cardoso";2
"290205 Araças";2
"290200 Aracatu";1
"290210 Araci";6
"290220 Aramari";1
"290270 Barra";2
"290280 Barra da Estiva";1
"290320 Barreiras";31
"290340 Belmonte";6
"290350 Belo Campo";1
"290380 Boa Vista do Tupim";1
"290390 Bom Jesus da Lapa";4
"290405 Bonito";1
"290430 Brejões";2
"290460 Brumado";6
"290490 Cachoeira";5
"290530 Cafarnaum";1
"290540 Cairu";3
"290560 Camacan";4
"290570 Camaçari";42
"290580 Camamu";1
"290610 Canápolis";1
"290630 Canavieiras";3
"290650 Candeias";18
"290670 Cândido Sales";3
"290680 Cansanção";1
"290687 Capim Grosso";3
"290690 Caravelas";3
"290700 Cardeal da Silva";1
"290720 Casa Nova";7
"290730 Castro Alves";2
"290750 Catu";3
"290760 Central";1
"290820 Conceição da Feira";1
"290840 Conceição do Coité";6
"290850 Conceição do Jacuípe";3
"290860 Conde";1
"290930 Correntina";3
"290940 Cotegipe";1
"290980 Cruz das Almas";6
"290990 Curaçá";2
"291005 Dias d'Ávila";5
"291030 Elísio Medrado";1
"291050 Entre Rios";6
"291060 Esplanada";1
"291070 Euclides da Cunha";1
"291072 Eunápolis";42
"291080 Feira de Santana";78
"291085 Filadélfia";2
"291100 Floresta Azul";2
"291110 Formosa do Rio Preto";2
"291160 Governador Mangabeira";1
"291170 Guanambi";5
"291185 Heliópolis";1
"291190 Iaçu";5
"291210 Ibicaraí";1
"291230 Ibicuí";1
"291250 Ibipitanga";2
"291270 Ibirapitanga";2
"291280 Ibirapuã";3
"291290 Ibirataia";1
"291300 Ibitiara";1
"291320 Ibotirama";3
"291340 Igaporã";1
"291345 Igrapiúna";1
"291360 Ilhéus";30
"291370 Inhambupe";1
"291390 Ipiaú";2
"291400 Ipirá";9
"291440 Iraquara";2
"291450 Irará";4
"291460 Irecê";10
"291465 Itabela";7
"291470 Itaberaba";7
"291480 Itabuna";33
"291490 Itacaré";1
"291520 Itagibá";2
"291530 Itagimirim";2
"291560 Itamaraju";24
"291580 Itambé";1
"291600 Itanhém";2
"291610 Itaparica";3
"291630 Itapebi";2
"291640 Itapetinga";8
"291650 Itapicuru";1
"291660 Itapitanga";1
"291680 Itarantim";2
"291690 Itiruçu";1
"291710 Itororó";1
"291720 Ituaçu";1
"291730 Ituberá";5
"291735 Jaborandi";1
"291740 Jacaraci";1
"291750 Jacobina";2
"291760 Jaguaquara";2
"291770 Jaguarari";3
"291780 Jaguaripe";3
"291800 Jequié";22
"291830 Jitaúna";1
"291835 João Dourado";1
"291840 Juazeiro";50
"291850 Jussara";1
"291880 Laje";2
"291890 Lajedão";2
"291910 Lamarão";1
"291915 Lapão";2
"291920 Lauro de Freitas";36
"291955 Luís Eduardo Magalhães";14
"291970 Macarani";1
"291980 Macaúbas";2
"291992 Madre de Deus";2
"292000 Maiquinique";2
"292030 Malhada de Pedras";2
"292050 Maracás";4
"292060 Maragogipe";3
"292080 Marcionílio Souza";1
"292100 Mata de São João";5
"292110 Medeiros Neto";5
"292130 Milagres";2
"292150 Monte Santo";1
"292170 Morro do Chapéu";3
"292190 Mucugê";1
"292200 Mucuri";11
"292230 Muritiba";4
"292240 Mutuípe";1
"292250 Nazaré";5
"292273 Nova Fátima";2
"292300 Nova Viçosa";4
"292303 Novo Horizonte";1
"292310 Olindina";3
"292335 Ourolândia";2
"292340 Palmas de Monte Alto";1
"292390 Pau Brasil";1
"292400 Paulo Afonso";12
"292405 Pé de Serra";1
"292430 Piatã";1
"292480 Piritiba";1
"292500 Planalto";1
"292510 Poções";6
"292520 Pojuca";3
"292525 Ponto Novo";2
"292530 Porto Seguro";38
"292540 Potiraguá";1
"292550 Prado";2
"292575 Presidente Tancredo Neves";1
"292580 Queimadas";2
"292595 Rafael Jambeiro";3
"292600 Remanso";13
"292610 Retirolândia";2
"292620 Riachão das Neves";1
"292630 Riachão do Jacuípe";3
"292650 Ribeira do Amparo";1
"292660 Ribeira do Pombal";1
"292720 Ruy Barbosa";3
"292740 Salvador";799
"292750 Santa Bárbara";2
"292770 Santa Cruz Cabrália";5
"292780 Santa Cruz da Vitória";1
"292790 Santa Inês";2
"292840 Santa Rita de Cássia";1
"292800 Santaluz";3
"292860 Santo Amaro";6
"292870 Santo Antônio de Jesus";11
"292880 Santo Estêvão";1
"292890 São Desidério";2
"292910 São Felipe";1
"292900 São Félix";2
"292920 São Francisco do Conde";8
"292930 São Gonçalo dos Campos";2
"292940 São Miguel das Matas";1
"292950 São Sebastião do Passé";4
"292975 Saubara";1
"292990 Seabra";6
"293010 Senhor do Bonfim";14
"293020 Sento Sé";1
"293015 Serra do Ramalho";1
"293050 Serrinha";7
"293070 Simões Filho";25
"293077 Sobradinho";5
"293090 Tabocas do Brejo Velho";1
"293110 Tanquinho";1
"293120 Taperoá";1
"293130 Tapiramutá";1
"293135 Teixeira de Freitas";37
"293150 Teofilândia";1
"293160 Teolândia";1
"293210 Ubaíra";1
"293220 Ubaitaba";1
"293245 Umburanas";1
"293250 Una";5
"293260 Urandi";1
"293270 Uruçuca";3
"293290 Valença";25
"293310 Várzea do Poço";1
"293320 Vera Cruz";6
"293330 Vitória da Conquista";28
"293350 Wenceslau Guimarães";1
"293360 Xique-Xique";9
"290000 Município ignorado - BA";1
"310020 Abaeté";4
"310040 Acaiaca";2
"310060 Água Boa";1
"310080 Aguanil";1
"310090 Águas Formosas";3
"310110 Aimorés";1
"310150 Além Paraíba";6
"310160 Alfenas";17
"310170 Almenara";2
"310180 Alpercata";1
"310200 Alterosa";2
"315350 Alto Jequitibá";1
"310230 Alvinópolis";2
"310260 Andradas";3
"310290 Antônio Carlos";1
"310300 Antônio Dias";1
"310310 Antônio Prado de Minas";1
"310340 Araçuaí";4
"310350 Araguari";16
"310390 Araújos";1
"310400 Araxá";9
"310410 Arceburgo";1
"310420 Arcos";2
"310470 Ataléia";1
"310480 Augusto de Lima";1
"310490 Baependi";1
"310500 Baldim";1
"310510 Bambuí";2
"310540 Barão de Cocais";2
"310560 Barbacena";10
"310590 Barroso";3
"310620 Belo Horizonte";659
"310670 Betim";55
"310690 Bicas";3
"310710 Boa Esperança";2
"310730 Bocaiúva";2
"310740 Bom Despacho";3
"310750 Bom Jardim de Minas";2
"310800 Bom Sucesso";2
"310810 Bonfim";1
"310825 Bonito de Minas";1
"310870 Brás Pires";1
"310890 Brasópolis";1
"310900 Brumadinho";2
"310930 Buritis";1
"310940 Buritizeiro";3
"310970 Cachoeira de Minas";2
"310990 Caetanópolis";2
"311000 Caeté";6
"311050 Camanducaia";1
"311060 Cambuí";3
"311080 Campanário";1
"311090 Campanha";2
"311110 Campina Verde";5
"311120 Campo Belo";7
"311130 Campo do Meio";3
"311150 Campos Altos";3
"311160 Campos Gerais";2
"311180 Canápolis";1
"311210 Caparaó";1
"311230 Capelinha";1
"311250 Capim Branco";2
"311260 Capinópolis";2
"311320 Carandaí";1
"311330 Carangola";2
"311340 Caratinga";3
"311370 Carlos Chagas";2
"311390 Carmo da Cachoeira";2
"311400 Carmo da Mata";1
"311420 Carmo do Cajuru";1
"311430 Carmo do Paranaíba";1
"311440 Carmo do Rio Claro";2
"311450 Carmópolis de Minas";1
"311510 Cássia";1
"311530 Cataguases";2
"311545 Catuji";1
"311550 Caxambu";2
"311570 Central de Minas";1
"311600 Chalé";1
"311610 Chapada do Norte";2
"311620 Chiador";1
"311660 Cláudio";1
"311670 Coimbra";1
"311730 Conceição das Alagoas";1
"311750 Conceição do Mato Dentro";1
"311800 Congonhas";10
"311830 Conselheiro Lafaiete";12
"311840 Conselheiro Pena";1
"311860 Contagem";104
"311910 Corinto";1
"311930 Coromandel";2
"311940 Coronel Fabriciano";19
"312050 Cristina";1
"312087 Curral de Dentro";1
"312090 Curvelo";14
"312110 Delfim Moreira";1
"312125 Delta";2
"312130 Descoberto";1
"312140 Desterro de Entre Rios";1
"312160 Diamantina";10
"312180 Dionísio";1
"312210 Divino das Laranjeiras";1
"312230 Divinópolis";30
"312240 Divisa Nova";1
"312250 Dom Cavati";2
"312270 Dom Silvério";1
"312352 Durandé";1
"312360 Elói Mendes";3
"312370 Engenheiro Caldas";1
"312410 Esmeraldas";7
"312420 Espera Feliz";4
"312430 Espinosa";1
"312480 Estrela do Sul";3
"312490 Eugenópolis";1
"312510 Extrema";1
"312520 Fama";1
"312570 Felixlândia";1
"312600 Florestal";1
"312610 Formiga";11
"312680 Frei Gaspar";1
"312690 Frei Inocêncio";2
"312700 Fronteira";1
"312710 Frutal";7
"312770 Governador Valadares";37
"312800 Guanhães";1
"312850 Guarará";2
"312870 Guaxupé";8
"312890 Guimarânia";1
"312930 Iapu";2
"312950 Ibiá";2
"312970 Ibiraci";1
"312980 Ibirité";34
"313000 Ibituruna";1
"313005 Icaraí de Minas";3
"313010 Igarapé";7
"313020 Igaratinga";3
"313060 Inconfidentes";2
"313100 Inhaúma";1
"313120 Ipanema";1
"313130 Ipatinga";24
"313140 Ipiaçu";3
"313160 Iraí de Minas";3
"313170 Itabira";11
"313190 Itabirito";6
"313220 Itaguara";1
"313230 Itaipé";1
"313240 Itajubá";12
"313250 Itamarandiba";1
"313270 Itambacuri";3
"313330 Itaobim";2
"313340 Itapagipe";1
"313370 Itatiaiuçu";2
"313375 Itaú de Minas";1
"313380 Itaúna";13
"313420 Ituiutaba";24
"313440 Iturama";8
"313460 Jaboticatubas";1
"313470 Jacinto";1
"313480 Jacuí";1
"313507 Jampruca";1
"313510 Janaúba";2
"313520 Januária";5
"313545 Jenipapo de Minas";1
"313550 Jequeri";1
"313570 Jequitibá";1
"313620 João Monlevade";12
"313630 João Pinheiro";6
"313650 Jordânia";1
"313657 Josenópolis";1
"313665 Juatuba";3
"313670 Juiz de Fora";156
"313690 Juruaia";1
"313700 Ladainha";1
"313720 Lagoa da Prata";13
"313730 Lagoa dos Patos";1
"313750 Lagoa Formosa";2
"313760 Lagoa Santa";10
"313780 Lambari";1
"313800 Laranjal";1
"313820 Lavras";8
"313835 Leme do Prado";1
"313840 Leopoldina";6
"313850 Liberdade";1
"313862 Limeira do Oeste";1
"313867 Luisburgo";3
"313880 Luz";5
"313890 Machacalis";2
"313920 Malacacheta";3
"313930 Manga";2
"313940 Manhuaçu";5
"313950 Manhumirim";2
"313960 Mantena";4
"313980 Mar de Espanha";3
"313990 Maria da Fé";1
"314000 Mariana";8
"314015 Mário Campos";1
"314050 Martinho Campos";1
"314070 Mateus Leme";5
"314080 Matias Barbosa";2
"314110 Matozinhos";6
"314120 Matutina";1
"314140 Medina";2
"314170 Mesquita";1
"314180 Minas Novas";1
"314200 Mirabela";1
"314220 Miraí";1
"314270 Montalvânia";1
"314280 Monte Alegre de Minas";3
"314300 Monte Belo";1
"314310 Monte Carmelo";4
"314340 Monte Sião";1
"314330 Montes Claros";30
"314350 Morada Nova de Minas";1
"314390 Muriaé";27
"314410 Muzambinho";2
"314430 Nanuque";5
"314435 Naque";1
"314470 Nova Era";2
"314480 Nova Lima";12
"314500 Nova Ponte";1
"314510 Nova Resende";2
"314520 Nova Serrana";7
"313660 Nova União";1
"314530 Novo Cruzeiro";3
"314535 Novo Oriente de Minas";2
"314560 Oliveira";7
"314585 Oratórios";1
"314590 Ouro Branco";1
"314600 Ouro Fino";2
"314610 Ouro Preto";7
"314630 Padre Paraíso";7
"314675 Palmópolis";1
"314690 Papagaios";1
"314710 Pará de Minas";9
"314700 Paracatu";10
"314730 Paraisópolis";2
"314740 Paraopeba";2
"314760 Passa Quatro";2
"314790 Passos";9
"314800 Patos de Minas";24
"314810 Patrocínio";6
"314830 Paula Cândido";1
"314850 Pavão";1
"314870 Pedra Azul";4
"314890 Pedra do Indaiá";1
"314900 Pedra Dourada";1
"314930 Pedro Leopoldo";9
"314950 Pequeri";1
"315020 Piedade de Ponte Nova";1
"315060 Piracema";2
"315110 Pirapetinga";1
"315120 Pirapora";11
"315130 Piraúba";1
"315140 Pitangui";4
"315180 Poços de Caldas";15
"315190 Pocrane";1
"315200 Pompéu";4
"315210 Ponte Nova";8
"315217 Ponto dos Volantes";2
"315220 Porteirinha";1
"315250 Pouso Alegre";17
"315260 Pouso Alto";2
"315280 Prata";6
"315290 Pratápolis";1
"315340 Presidente Olegário";2
"315390 Raposos";1
"315400 Raul Soares";2
"315410 Recreio";1
"315430 Resplendor";1
"315460 Ribeirão das Neves";66
"315490 Rio Casca";2
"315510 Rio do Prado";1
"315560 Rio Pardo de Minas";1
"315630 Rodeiro";2
"315670 Sabará";17
"315690 Sacramento";1
"315720 Santa Bárbara";2
"315733 Santa Cruz de Minas";1
"315765 Santa Helena de Minas";1
"315780 Santa Luzia";33
"315800 Santa Maria de Itabira";1
"315820 Santa Maria do Suaçuí";1
"315920 Santa Rita de Caldas";1
"315960 Santa Rita do Sapucaí";4
"315970 Santa Rosa da Serra";1
"315980 Santa Vitória";6
"315880 Santana do Jacaré";1
"315895 Santana do Paraíso";4
"315990 Santo Antônio do Amparo";2
"316070 Santos Dumont";5
"316100 São Domingos do Prata";2
"316110 São Francisco";4
"316120 São Francisco de Paula";1
"316130 São Francisco de Sales";1
"316140 São Francisco do Glória";3
"316165 São Geraldo do Baixio";1
"316190 São Gonçalo do Rio Abaixo";2
"316200 São Gonçalo do Sapucaí";2
"316210 São Gotardo";2
"316245 São João das Missões";1
"316250 São João del Rei";8
"316257 São João do Manteninha";1
"316265 São João do Pacuí";1
"316280 São João Evangelista";2
"316290 São João Nepomuceno";2
"316292 São Joaquim de Bicas";7
"316295 São José da Lapa";7
"316300 São José da Safira";1
"316330 São José do Divino";1
"316370 São Lourenço";2
"316470 São Sebastião do Paraíso";15
"316490 São Sebastião do Rio Verde";1
"316520 São Thomé das Letras";2
"316553 Sarzedo";7
"316570 Senador Firmino";1
"316620 Senhora dos Remédios";1
"316640 Seritinga";2
"316680 Serra do Salitre";1
"316690 Serrania";1
"316720 Sete Lagoas";52
"316750 Simão Pereira";2
"316760 Simonésia";4
"316780 Soledade de Minas";1
"316850 Teixeiras";2
"316860 Teófilo Otoni";27
"316870 Timóteo";10
"316900 Tocantins";3
"316905 Tocos do Moji";1
"316920 Tombos";3
"316930 Três Corações";19
"316935 Três Marias";3
"316940 Três Pontas";7
"316960 Tupaciguara";2
"316990 Ubá";12
"317005 Ubaporanga";1
"317010 Uberaba";102
"317020 Uberlândia";237
"317040 Unaí";2
"317070 Varginha";16
"317080 Várzea da Palma";2
"317090 Varzelândia";1
"317120 Vespasiano";27
"317130 Viçosa";12
"317160 Virgem da Lapa";1
"317200 Visconde do Rio Branco";6
"320010 Afonso Cláudio";1
"320016 Água Doce do Norte";1
"320020 Alegre";9
"320030 Alfredo Chaves";1
"320035 Alto Rio Novo";3
"320040 Anchieta";5
"320060 Aracruz";21
"320070 Atilio Vivacqua";2
"320090 Barra de São Francisco";8
"320110 Bom Jesus do Norte";1
"320120 Cachoeiro de Itapemirim";51
"320130 Cariacica";105
"320140 Castelo";12
"320150 Colatina";27
"320160 Conceição da Barra";6
"320190 Domingos Martins";4
"320210 Ecoporanga";2
"320225 Governador Lindenberg";1
"320230 Guaçuí";4
"320240 Guarapari";20
"320245 Ibatiba";6
"320250 Ibiraçu";3
"320255 Ibitirama";1
"320260 Iconha";1
"320280 Itapemirim";4
"320290 Itarana";1
"320300 Iúna";3
"320305 Jaguaré";5
"320310 Jerônimo Monteiro";2
"320313 João Neiva";1
"320320 Linhares";22
"320330 Mantenópolis";2
"320332 Marataízes";12
"320340 Mimoso do Sul";1
"320350 Montanha";6
"320360 Mucurici";1
"320370 Muniz Freire";1
"320380 Muqui";1
"320390 Nova Venécia";5
"320400 Pancas";2
"320405 Pedro Canário";3
"320410 Pinheiros";3
"320420 Piúma";2
"320430 Presidente Kennedy";1
"320440 Rio Novo do Sul";3
"320450 Santa Leopoldina";2
"320455 Santa Maria de Jetibá";3
"320460 Santa Teresa";2
"320465 São Domingos do Norte";1
"320470 São Gabriel da Palha";3
"320490 São Mateus";21
"320495 São Roque do Canaã";1
"320500 Serra";105
"320501 Sooretama";8
"320503 Vargem Alta";2
"320506 Venda Nova do Imigrante";2
"320510 Viana";16
"320517 Vila Valério";1
"320520 Vila Velha";116
"320530 Vitória";103
"330010 Angra dos Reis";25
"330020 Araruama";22
"330023 Armação dos Búzios";7
"330025 Arraial do Cabo";5
"330030 Barra do Piraí";23
"330040 Barra Mansa";54
"330045 Belford Roxo";129
"330050 Bom Jardim";4
"330060 Bom Jesus do Itabapoana";10
"330070 Cabo Frio";38
"330080 Cachoeiras de Macacu";7
"330090 Cambuci";1
"330100 Campos dos Goytacazes";122
"330110 Cantagalo";4
"330093 Carapebus";2
"330115 Cardoso Moreira";1
"330120 Carmo";3
"330130 Casimiro de Abreu";2
"330150 Cordeiro";3
"330170 Duque de Caxias";256
"330180 Engenheiro Paulo de Frontin";2
"330185 Guapimirim";12
"330187 Iguaba Grande";9
"330190 Itaboraí";68
"330200 Itaguaí";32
"330210 Itaocara";3
"330220 Itaperuna";15
"330225 Itatiaia";5
"330227 Japeri";24
"330230 Laje do Muriaé";1
"330240 Macaé";54
"330245 Macuco";1
"330250 Magé";67
"330260 Mangaratiba";4
"330270 Maricá";24
"330280 Mendes";1
"330285 Mesquita";27
"330290 Miguel Pereira";1
"330300 Miracema";4
"330310 Natividade";1
"330320 Nilópolis";35
"330330 Niterói";152
"330340 Nova Friburgo";35
"330350 Nova Iguaçu";260
"330360 Paracambi";2
"330370 Paraíba do Sul";8
"330380 Parati";5
"330385 Paty do Alferes";3
"330390 Petrópolis";34
"330395 Pinheiral";2
"330400 Piraí";5
"330410 Porciúncula";6
"330411 Porto Real";1
"330412 Quatis";5
"330414 Queimados";40
"330415 Quissamã";6
"330420 Resende";23
"330430 Rio Bonito";15
"330440 Rio Claro";4
"330450 Rio das Flores";1
"330452 Rio das Ostras";27
"330455 Rio de Janeiro";2223
"330460 Santa Maria Madalena";1
"330470 Santo Antônio de Pádua";4
"330480 São Fidélis";1
"330475 São Francisco de Itabapoana";5
"330490 São Gonçalo";281
"330500 São João da Barra";4
"330510 São João de Meriti";135
"330515 São José do Vale do Rio Preto";1
"330520 São Pedro da Aldeia";17
"330540 Sapucaia";3
"330550 Saquarema";23
"330555 Seropédica";21
"330560 Silva Jardim";1
"330575 Tanguá";4
"330580 Teresópolis";20
"330600 Três Rios";32
"330610 Valença";4
"330615 Varre-Sai";1
"330620 Vassouras";7
"330630 Volta Redonda";59
"330000 Município ignorado - RJ";8
"350010 Adamantina";4
"350030 Aguaí";1
"350050 Águas de Lindóia";2
"350070 Agudos";5
"350075 Alambari";1
"350130 Álvares Machado";4
"350140 Álvaro de Carvalho";3
"350160 Americana";34
"350170 Américo Brasiliense";6
"350190 Amparo";9
"350210 Andradina";13
"350240 Anhumas";1
"350250 Aparecida";12
"350260 Aparecida d'Oeste";1
"350270 Apiaí";2
"350275 Araçariguama";2
"350280 Araçatuba";37
"350290 Araçoiaba da Serra";3
"350300 Aramina";2
"350310 Arandu";3
"350320 Araraquara";40
"350330 Araras";14
"350335 Arco-Íris";1
"350360 Areiópolis";1
"350370 Ariranha";1
"350380 Artur Nogueira";6
"350390 Arujá";3
"350400 Assis";12
"350410 Atibaia";20
"350440 Avanhandava";2
"350450 Avaré";12
"350460 Bady Bassitt";2
"350470 Balbinos";2
"350480 Bálsamo";4
"350520 Bariri";4
"350530 Barra Bonita";1
"350535 Barra do Chapéu";1
"350540 Barra do Turvo";1
"350550 Barretos";35
"350560 Barrinha";5
"350570 Barueri";47
"350580 Bastos";3
"350590 Batatais";6
"350600 Bauru";76
"350610 Bebedouro";23
"350620 Bento de Abreu";1
"350630 Bernardino de Campos";1
"350635 Bertioga";7
"350650 Birigui";23
"350660 Biritiba-Mirim";2
"350680 Bocaina";1
"350690 Bofete";1
"350700 Boituva";4
"350740 Borborema";2
"350750 Botucatu";19
"350760 Bragança Paulista";23
"350780 Brodowski";1
"350790 Brotas";6
"350800 Buri";1
"350810 Buritama";3
"350840 Cabreúva";5
"350850 Caçapava";10
"350860 Cachoeira Paulista";5
"350870 Caconde";1
"350880 Cafelândia";1
"350890 Caiabu";2
"350900 Caieiras";4
"350910 Caiuá";1
"350920 Cajamar";11
"350925 Cajati";9
"350930 Cajobi";1
"350940 Cajuru";5
"350945 Campina do Monte Alegre";1
"350950 Campinas";205
"350960 Campo Limpo Paulista";13
"350970 Campos do Jordão";4
"350990 Cananéia";1
"350995 Canas";1
"351000 Cândido Mota";1
"351010 Cândido Rodrigues";1
"351015 Canitar";1
"351020 Capão Bonito";9
"351030 Capela do Alto";6
"351040 Capivari";9
"351050 Caraguatatuba";34
"351060 Carapicuíba";64
"351070 Cardoso";2
"351080 Casa Branca";1
"351090 Cássia dos Coqueiros";1
"351100 Castilho";1
"351110 Catanduva";21
"351120 Catiguá";1
"351130 Cedral";1
"351140 Cerqueira César";3
"351150 Cerquilho";5
"351190 Clementina";1
"351200 Colina";2
"351210 Colômbia";2
"351220 Conchal";2
"351230 Conchas";2
"351240 Cordeirópolis";3
"351280 Cosmópolis";6
"351300 Cotia";29
"351310 Cravinhos";8
"351320 Cristais Paulista";2
"351340 Cruzeiro";15
"351350 Cubatão";17
"351360 Cunha";1
"351370 Descalvado";3
"351380 Diadema";65
"351410 Dois Córregos";2
"351420 Dolcinópolis";2
"351430 Dourado";1
"351440 Dracena";4
"351450 Duartina";1
"351490 Elias Fausto";7
"351492 Elisiário";1
"351500 Embu";25
"351510 Embu-Guaçu";7
"351512 Emilianópolis";1
"351518 Espírito Santo do Pinhal";6
"355730 Estiva Gerbi";3
"351540 Fartura";2
"351550 Fernandópolis";11
"351570 Ferraz de Vasconcelos";29
"351620 Franca";51
"351630 Francisco Morato";31
"351640 Franco da Rocha";25
"351660 Gália";1
"351670 Garça";3
"351700 Getulina";2
"351710 Glicério";1
"351740 Guaíra";9
"351750 Guapiaçu";1
"351790 Guaraci";4
"351820 Guararapes";2
"351830 Guararema";1
"351840 Guaratinguetá";17
"351850 Guareí";5
"351860 Guariba";6
"351870 Guarujá";76
"351880 Guarulhos";191
"351890 Guzolândia";1
"351907 Hortolândia";34
"351930 Ibaté";2
"351940 Ibirá";2
"351960 Ibitinga";5
"351970 Ibiúna";3
"351980 Icém";2
"351990 Iepê";1
"352000 Igaraçu do Tietê";2
"352010 Igarapava";5
"352020 Igaratá";4
"352042 Ilha Comprida";1
"352044 Ilha Solteira";3
"352040 Ilhabela";4
"352050 Indaiatuba";21
"352070 Indiaporã";1
"352100 Iperó";3
"352115 Ipiguá";1
"352130 Ipuã";1
"352140 Iracemápolis";1
"352160 Irapuru";2
"352180 Itaí";6
"352190 Itajobi";1
"352200 Itaju";1
"352210 Itanhaém";17
"352220 Itapecerica da Serra";18
"352230 Itapetininga";25
"352240 Itapeva";10
"352250 Itapevi";44
"352260 Itapira";12
"352270 Itápolis";3
"352280 Itaporanga";1
"352300 Itapura";1
"352310 Itaquaquecetuba";45
"352320 Itararé";5
"352340 Itatiba";5
"352350 Itatinga";1
"352360 Itirapina";7
"352390 Itu";32
"352400 Itupeva";10
"352410 Ituverava";7
"352420 Jaborandi";1
"352430 Jaboticabal";6
"352440 Jacareí";44
"352450 Jaci";1
"352460 Jacupiranga";7
"352470 Jaguariúna";5
"352480 Jales";7
"352490 Jambeiro";2
"352500 Jandira";19
"352510 Jardinópolis";7
"352520 Jarinu";7
"352530 Jaú";14
"352560 João Ramalho";2
"352570 José Bonifácio";8
"352590 Jundiaí";49
"352600 Junqueirópolis";1
"352620 Juquitiba";3
"352640 Laranjal Paulista";3
"352650 Lavínia";3
"352670 Leme";17
"352680 Lençóis Paulista";3
"352690 Limeira";24
"352710 Lins";12
"352720 Lorena";17
"352730 Louveira";4
"352740 Lucélia";3
"352780 Lupércio";1
"352820 Macedônia";1
"352840 Mairinque";3
"352850 Mairiporã";9
"352870 Marabá Paulista";3
"352900 Marília";40
"352920 Martinópolis";2
"352930 Matão";5
"352940 Mauá";47
"352970 Miguelópolis";4
"352980 Mineiros do Tietê";1
"352990 Miracatu";2
"353010 Mirandópolis";3
"353020 Mirante do Paranapanema";1
"353030 Mirassol";16
"353040 Mirassolândia";1
"353050 Mococa";12
"353060 Mogi das Cruzes";64
"353070 Mogi Guaçu";10
"353080 Moji Mirim";11
"353090 Mombuca";1
"353110 Mongaguá";8
"353120 Monte Alegre do Sul";1
"353130 Monte Alto";5
"353140 Monte Aprazível";6
"353160 Monte Castelo";1
"353180 Monte Mor";9
"353190 Morro Agudo";2
"353220 Narandiba";1
"353240 Nazaré Paulista";3
"353250 Neves Paulista";1
"353260 Nhandeara";2
"353280 Nova Aliança";1
"353290 Nova Europa";2
"353310 Nova Guataporanga";2
"353340 Nova Odessa";6
"353350 Novo Horizonte";2
"353390 Olímpia";7
"353410 Oriente";1
"353430 Orlândia";1
"353440 Osasco";94
"353460 Osvaldo Cruz";5
"353470 Ourinhos";17
"353475 Ouroeste";2
"353490 Pacaembu";3
"353520 Palmeira d'Oeste";2
"353540 Panorama";2
"353550 Paraguaçu Paulista";6
"353560 Paraibuna";2
"353620 Pariquera-Açu";4
"353625 Parisi";1
"353630 Patrocínio Paulista";1
"353640 Paulicéia";2
"353650 Paulínia";14
"353657 Paulistânia";1
"353660 Paulo de Faria";2
"353670 Pederneiras";4
"353710 Pedreira";5
"353720 Pedro de Toledo";2
"353730 Penápolis";2
"353740 Pereira Barreto";9
"353750 Pereiras";1
"353760 Peruíbe";12
"353780 Piedade";3
"353790 Pilar do Sul";1
"353800 Pindamonhangaba";20
"353810 Pindorama";1
"353820 Pinhalzinho";2
"353830 Piquerobi";1
"353870 Piracicaba";60
"353880 Piraju";2
"353890 Pirajuí";7
"353900 Pirangi";4
"353910 Pirapora do Bom Jesus";5
"353920 Pirapozinho";2
"353930 Pirassununga";3
"353950 Pitangueiras";8
"353980 Poá";8
"354000 Pompéia";2
"354010 Pongaí";1
"354020 Pontal";8
"354050 Porangaba";1
"354060 Porto Feliz";6
"354070 Porto Ferreira";3
"354075 Potim";3
"354080 Potirendaba";1
"354085 Pracinha";1
"354090 Pradópolis";1
"354100 Praia Grande";65
"354130 Presidente Epitácio";9
"354140 Presidente Prudente";55
"354150 Presidente Venceslau";3
"354160 Promissão";2
"354170 Quatá";2
"354180 Queiroz";1
"354200 Quintana";1
"354210 Rafard";3
"354220 Rancharia";7
"354240 Regente Feijó";6
"354250 Reginópolis";2
"354260 Registro";7
"354330 Ribeirão Pires";16
"354340 Ribeirão Preto";156
"354370 Rincão";5
"354380 Rinópolis";1
"354390 Rio Claro";30
"354400 Rio das Pedras";6
"354410 Rio Grande da Serra";8
"354420 Riolândia";4
"354425 Rosana";2
"354430 Roseira";3
"354480 Sales";1
"354500 Salesópolis";1
"354520 Salto";5
"354530 Salto de Pirapora";5
"354550 Sandovalina";1
"354580 Santa Bárbara d'Oeste";25
"354600 Santa Branca";1
"354630 Santa Cruz das Palmeiras";1
"354640 Santa Cruz do Rio Pardo";1
"354660 Santa Fé do Sul";6
"354670 Santa Gertrudes";2
"354680 Santa Isabel";3
"354750 Santa Rita do Passa Quatro";6
"354760 Santa Rosa de Viterbo";1
"354730 Santana de Parnaíba";13
"354770 Santo Anastácio";3
"354780 Santo André";101
"354790 Santo Antônio da Alegria";1
"354800 Santo Antônio de Posse";2
"354820 Santo Antônio do Pinhal";1
"354830 Santo Expedito";1
"354850 Santos";135
"354860 São Bento do Sapucaí";1
"354870 São Bernardo do Campo";114
"354880 São Caetano do Sul";23
"354890 São Carlos";32
"354910 São João da Boa Vista";12
"354920 São João das Duas Pontes";2
"354940 São Joaquim da Barra";4
"354950 São José da Bela Vista";1
"354970 São José do Rio Pardo";9
"354980 São José do Rio Preto";122
"354990 São José dos Campos";107
"354995 São Lourenço da Serra";1
"355030 São Paulo";2575
"355040 São Pedro";3
"355050 São Pedro do Turvo";2
"355060 São Roque";8
"355070 São Sebastião";11
"355080 São Sebastião da Grama";1
"355090 São Simão";4
"355100 São Vicente";67
"355140 Serra Azul";5
"355160 Serra Negra";2
"355150 Serrana";5
"355170 Sertãozinho";24
"355180 Sete Barras";1
"355210 Socorro";3
"355220 Sorocaba";98
"355230 Sud Mennucci";1
"355240 Sumaré";34
"355250 Suzano";29
"355260 Tabapuã";7
"355270 Tabatinga";1
"355280 Taboão da Serra";42
"355300 Taguaí";1
"355310 Taiaçu";1
"355320 Taiúva";4
"355330 Tambaú";2
"355340 Tanabi";5
"355350 Tapiraí";3
"355365 Taquaral";1
"355370 Taquaritinga";11
"355380 Taquarituba";6
"355390 Tarabai";2
"355395 Tarumã";1
"355400 Tatuí";22
"355410 Taubaté";57
"355430 Teodoro Sampaio";5
"355450 Tietê";1
"355470 Torrinha";1
"355480 Tremembé";10
"355490 Três Fronteiras";1
"355500 Tupã";12
"355510 Tupi Paulista";6
"355535 Ubarana";1
"355540 Ubatuba";14
"355560 Uchoa";1
"355620 Valinhos";10
"355630 Valparaíso";2
"355635 Vargem";1
"355640 Vargem Grande do Sul";4
"355645 Vargem Grande Paulista";4
"355650 Várzea Paulista";9
"355660 Vera Cruz";4
"355670 Vinhedo";1
"355680 Viradouro";2
"355690 Vista Alegre do Alto";1
"355695 Vitória Brasil";1
"355700 Votorantim";14
"355710 Votuporanga";15
"350000 Município ignorado - SP";3
"410030 Agudos do Sul";1
"410040 Almirante Tamandaré";23
"410060 Alto Paraná";4
"410070 Alto Piquiri";1
"410050 Altônia";3
"410080 Alvorada do Sul";1
"410090 Amaporã";1
"410100 Ampére";1
"410110 Andirá";2
"410120 Antonina";3
"410130 Antônio Olinto";2
"410140 Apucarana";26
"410150 Arapongas";25
"410160 Arapoti";2
"410170 Araruna";1
"410180 Araucária";28
"410190 Assaí";3
"410200 Assis Chateaubriand";5
"410210 Astorga";4
"410240 Bandeirantes";2
"410270 Barra do Jacaré";1
"410260 Barracão";1
"410280 Bela Vista do Paraíso";3
"410290 Bituruna";3
"410305 Boa Vista da Aparecida";1
"410310 Bocaiúva do Sul";3
"410340 Cafeara";1
"410345 Cafelândia";1
"410360 Cambará";5
"410370 Cambé";17
"410380 Cambira";1
"410390 Campina da Lagoa";1
"410395 Campina do Simão";1
"410400 Campina Grande do Sul";12
"410410 Campo do Tenente";1
"410420 Campo Largo";16
"410425 Campo Magro";4
"410430 Campo Mourão";22
"410445 Cantagalo";2
"410450 Capanema";2
"410460 Capitão Leônidas Marques";4
"410465 Carambeí";3
"410480 Cascavel";63
"410490 Castro";9
"410510 Centenário do Sul";1
"410520 Cerro Azul";1
"410550 Cianorte";12
"410560 Cidade Gaúcha";1
"410580 Colombo";61
"410590 Colorado";2
"410600 Congonhinhas";2
"410620 Contenda";4
"410630 Corbélia";1
"410640 Cornélio Procópio";1
"410650 Coronel Vivida";5
"410655 Corumbataí do Sul";2
"410660 Cruzeiro do Oeste";5
"410690 Curitiba";543
"410700 Curiúva";1
"410710 Diamante do Norte";1
"410720 Dois Vizinhos";3
"410730 Doutor Camargo";2
"410740 Enéas Marques";1
"410750 Engenheiro Beltrão";2
"410755 Farol";1
"410760 Faxinal";1
"410765 Fazenda Rio Grande";26
"410773 Fernandes Pinheiro";1
"410810 Flórida";1
"410820 Formosa do Oeste";1
"410830 Foz do Iguaçu";63
"410832 Francisco Alves";1
"410840 Francisco Beltrão";16
"410860 Goioerê";2
"410865 Goioxim";1
"410880 Guaíra";9
"410895 Guamiranga";1
"410930 Guaraniaçu";2
"410940 Guarapuava";51
"410950 Guaraqueçaba";1
"410960 Guaratuba";23
"410970 Ibaiti";14
"410980 Ibiporã";12
"410990 Icaraíma";5
"411000 Iguaraçu";1
"411005 Iguatu";1
"411007 Imbaú";1
"411060 Iporã";1
"411080 Iretama";1
"411125 Itaperuçu";1
"411150 Ivaiporã";4
"411170 Jaboti";1
"411180 Jacarezinho";14
"411190 Jaguapitã";2
"411200 Jaguariaíva";1
"411210 Jandaia do Sul";2
"411230 Japira";1
"411270 Jataizinho";1
"411280 Joaquim Távora";1
"411295 Juranda";2
"411320 Lapa";6
"411325 Laranjal";1
"411330 Laranjeiras do Sul";6
"411350 Loanda";6
"411370 Londrina";88
"411373 Luiziana";1
"411375 Lunardelli";1
"411380 Lupionópolis";1
"411400 Mamborê";4
"411410 Mandaguaçu";3
"411420 Mandaguari";7
"411430 Mandirituba";4
"411450 Manoel Ribas";1
"411460 Marechal Cândido Rondon";8
"411480 Marialva";5
"411520 Maringá";81
"411540 Marmeleiro";1
"411560 Matelândia";1
"411570 Matinhos";8
"411575 Mauá da Serra";1
"411580 Medianeira";7
"411605 Missal";1
"411610 Moreira Sales";1
"411620 Morretes";6
"411630 Munhoz de Melo";1
"411670 Nova Aurora";3
"411690 Nova Esperança";5
"411700 Nova Fátima";2
"411720 Nova Olímpia";2
"411750 Paiçandu";8
"411760 Palmas";11
"411770 Palmeira";1
"411780 Palmital";4
"411790 Palotina";5
"411810 Paranacity";1
"411820 Paranaguá";80
"411840 Paranavaí";8
"411850 Pato Branco";19
"411880 Peabiru";1
"411890 Pérola";3
"411900 Pérola d'Oeste";1
"411910 Piên";2
"411915 Pinhais";55
"411930 Pinhão";2
"411940 Piraí do Sul";3
"411950 Piraquara";23
"411960 Pitanga";3
"411965 Pitangueiras";1
"411980 Planalto";1
"411990 Ponta Grossa";86
"411995 Pontal do Paraná";9
"412000 Porecatu";1
"412010 Porto Amazonas";1
"412020 Porto Rico";1
"412035 Pranchita";2
"412060 Prudentópolis";2
"412080 Quatro Barras";3
"412085 Quatro Pontes";1
"412090 Quedas do Iguaçu";2
"412110 Quinta do Sol";1
"412120 Quitandinha";1
"412140 Realeza";2
"412150 Rebouças";3
"412160 Renascença";1
"412170 Reserva";1
"412180 Ribeirão Claro";2
"412200 Rio Azul";1
"412220 Rio Branco do Sul";5
"412230 Rio Negro";1
"412240 Rolândia";5
"412250 Roncador";3
"412265 Rosário do Ivaí";1
"412310 Santa Amélia";1
"412320 Santa Cecília do Pavão";1
"412350 Santa Helena";7
"412380 Santa Izabel do Oeste";1
"412405 Santa Terezinha de Itaipu";8
"412410 Santo Antônio da Platina";7
"412440 Santo Antônio do Sudoeste";3
"412470 São Jerônimo da Serra";1
"412520 São Jorge d'Oeste";3
"412535 São Jorge do Patrocínio";4
"412540 São José da Boa Vista";1
"412550 São José dos Pinhais";61
"412560 São Mateus do Sul";2
"412600 São Sebastião da Amoreira";1
"412610 São Tomé";4
"412625 Sarandi";19
"412627 Saudade do Iguaçu";1
"412650 Sertanópolis";1
"412660 Siqueira Campos";2
"412667 Tamarana";2
"412680 Tapejara";4
"412690 Tapira";1
"412700 Teixeira Soares";1
"412710 Telêmaco Borba";5
"412730 Terra Rica";1
"412740 Terra Roxa";1
"412750 Tibagi";3
"412760 Tijucas do Sul";2
"412770 Toledo";35
"412780 Tomazina";1
"412785 Três Barras do Paraná";1
"412796 Turvo";1
"412800 Ubiratã";3
"412810 Umuarama";13
"412820 União da Vitória";9
"412840 Uraí";2
"412855 Vera Cruz do Oeste";2
"412850 Wenceslau Braz";4
"412880 Xambrê";1
"420010 Abelardo Luz";2
"420030 Agronômica";1
"420070 Alfredo Wagner";1
"420075 Alto Bela Vista";1
"420100 Anita Garibaldi";5
"420110 Anitápolis";1
"420120 Antônio Carlos";2
"420125 Apiúna";7
"420130 Araquari";13
"420140 Araranguá";23
"420170 Ascurra";7
"420195 Balneário Arroio do Silva";8
"420205 Balneário Barra do Sul";9
"420200 Balneário Camboriú";81
"420207 Balneário Gaivota";6
"420210 Barra Velha";8
"420220 Benedito Novo";1
"420230 Biguaçu";35
"420240 Blumenau";134
"420260 Bom Retiro";2
"420245 Bombinhas";6
"420270 Botuverá";1
"420280 Braço do Norte";8
"420285 Braço do Trombudo";3
"420290 Brusque";43
"420300 Caçador";11
"420310 Caibi";2
"420315 Calmon";1
"420320 Camboriú";44
"420330 Campo Alegre";2
"420340 Campo Belo do Sul";1
"420350 Campo Erê";1
"420360 Campos Novos";7
"420370 Canelinha";2
"420380 Canoinhas";5
"420390 Capinzal";2
"420395 Capivari de Baixo";5
"420420 Chapecó";60
"420425 Cocal do Sul";2
"420430 Concórdia";6
"420455 Correia Pinto";6
"420450 Corupá";5
"420460 Criciúma";82
"420480 Curitibanos";7
"420510 Dona Emma";1
"420517 Entre Rios";2
"420530 Faxinal dos Guedes";1
"420540 Florianópolis";252
"420543 Formosa do Sul";2
"420545 Forquilhinha";5
"420550 Fraiburgo";4
"420570 Garopaba";7
"420580 Garuva";5
"420590 Gaspar";19
"420600 Governador Celso Ramos";4
"420620 Gravatal";7
"420630 Guabiruba";9
"420640 Guaraciaba";1
"420650 Guaramirim";10
"420660 Guarujá do Sul";1
"420665 Guatambú";1
"420670 Herval d'Oeste";7
"420680 Ibicaré";1
"420690 Ibirama";6
"420700 Içara";31
"420710 Ilhota";1
"420720 Imaruí";2
"420730 Imbituba";14
"420740 Imbuia";2
"420750 Indaial";13
"420765 Iporã do Oeste";1
"420768 Ipuaçu";1
"420780 Irani";2
"420810 Itaiópolis";1
"420820 Itajaí";127
"420830 Itapema";31
"420845 Itapoá";4
"420850 Ituporanga";5
"420870 Jacinto Machado";1
"420880 Jaguaruna";5
"420890 Jaraguá do Sul";48
"420900 Joaçaba";5
"420910 Joinville";172
"420915 José Boiteux";3
"420930 Lages";70
"420940 Laguna";13
"420960 Lauro Muller";6
"420970 Lebon Régis";1
"420990 Lontras";1
"421000 Luiz Alves";1
"421003 Luzerna";1
"421005 Macieira";1
"421010 Mafra";9
"421040 Maracajá";1
"421050 Maravilha";6
"421060 Massaranduba";3
"421090 Modelo";4
"421100 Mondaí";4
"421105 Monte Carlo";1
"421110 Monte Castelo";3
"421120 Morro da Fumaça";3
"421130 Navegantes";33
"421150 Nova Trento";1
"421160 Nova Veneza";2
"421170 Orleans";4
"421175 Otacílio Costa";4
"421190 Palhoça";78
"421200 Palma Sola";2
"421220 Papanduva";2
"421225 Passo de Torres";1
"421250 Penha";10
"421270 Petrolândia";1
"421280 Piçarras";6
"421290 Pinhalzinho";3
"421320 Pomerode";6
"421335 Ponte Alta do Norte";1
"421340 Ponte Serrada";1
"421350 Porto Belo";5
"421360 Porto União";3
"421370 Pouso Redondo";3
"421400 Presidente Getúlio";2
"421480 Rio do Sul";31
"421470 Rio dos Cedros";2
"421490 Rio Fortuna";1
"421500 Rio Negrinho";7
"421530 Salete";4
"421545 Sangão";3
"421550 Santa Cecília";2
"421560 Santa Rosa de Lima";1
"421570 Santo Amaro da Imperatriz";8
"421580 São Bento do Sul";17
"421575 São Bernardino";2
"421610 São Domingos";3
"421620 São Francisco do Sul";31
"421630 São João Batista";6
"421625 São João do Oeste";1
"421640 São João do Sul";1
"421650 São Joaquim";7
"421660 São José";134
"421670 São José do Cedro";3
"421690 São Lourenço do Oeste";1
"421700 São Ludgero";2
"421720 São Miguel do Oeste";2
"421725 São Pedro de Alcântara";5
"421740 Schroeder";2
"421750 Seara";4
"421760 Siderópolis";3
"421770 Sombrio";9
"421775 Sul Brasil";1
"421780 Taió";3
"421800 Tijucas";16
"421820 Timbó";6
"421830 Três Barras";2
"421840 Treze de Maio";2
"421860 Trombudo Central";2
"421870 Tubarão";38
"421875 Tunápolis";1
"421880 Turvo";1
"421885 União do Oeste";1
"421900 Urussanga";10
"421920 Vidal Ramos";1
"421930 Videira";10
"421950 Xanxerê";12
"421970 Xaxim";1
"430010 Agudo";1
"430040 Alegrete";25
"430047 Almirante Tamandaré do Sul";1
"430050 Alpestre";1
"430060 Alvorada";108
"430064 Ametista do Sul";2
"430066 André da Rocha";1
"430070 Anta Gorda";1
"430085 Arambaré";1
"430100 Arroio do Meio";2
"430105 Arroio do Sal";3
"430110 Arroio dos Ratos";7
"430130 Arroio Grande";2
"430150 Augusto Pestana";2
"430160 Bagé";35
"430163 Balneário Pinhal";7
"430175 Barão do Triunfo";3
"430190 Barra do Ribeiro";1
"430192 Barra do Rio Azul";1
"430210 Bento Gonçalves";31
"430230 Bom Jesus";2
"430240 Bom Retiro do Sul";2
"430250 Bossoroca";1
"430260 Braga";1
"430270 Butiá";4
"430280 Caçapava do Sul";7
"430290 Cacequi";3
"430300 Cachoeira do Sul";18
"430310 Cachoeirinha";48
"430320 Cacique Doble";2
"430350 Camaquã";21
"430390 Campo Bom";14
"430420 Candelária";6
"430435 Candiota";1
"430440 Canela";11
"430450 Canguçu";2
"430460 Canoas";167
"430463 Capão da Canoa";16
"430465 Capão do Cipó";1
"430466 Capão do Leão";3
"430468 Capela de Santana";1
"430467 Capivari do Sul";2
"430470 Carazinho";11
"430480 Carlos Barbosa";9
"430495 Caseiros";1
"430500 Catuípe";1
"430510 Caxias do Sul";108
"430513 Cerro Branco";1
"430520 Cerro Largo";6
"430535 Charqueadas";32
"430545 Cidreira";2
"430570 Condor";1
"430587 Coronel Barros";1
"430595 Cotiporã";1
"430600 Crissiumal";5
"430610 Cruz Alta";35
"430620 Cruzeiro do Sul";3
"430632 Derrubadas";3
"430640 Dois Irmãos";9
"430645 Dois Lajeados";1
"430650 Dom Feliciano";1
"430660 Dom Pedrito";13
"430670 Dona Francisca";2
"430675 Doutor Ricardo";1
"430676 Eldorado do Sul";17
"430680 Encantado";7
"430690 Encruzilhada do Sul";6
"430692 Engenho Velho";1
"430695 Entre Rios do Sul";2
"430700 Erechim";21
"430740 Esmeralda";1
"430750 Espumoso";6
"430760 Estância Velha";6
"430770 Esteio";50
"430780 Estrela";6
"430781 Estrela Velha";1
"430790 Farroupilha";14
"430807 Fazenda Vilanova";1
"430820 Flores da Cunha";2
"430830 Fontoura Xavier";1
"430843 Forquetinha";1
"430850 Frederico Westphalen";8
"430860 Garibaldi";13
"430870 Gaurama";2
"430880 General Câmara";4
"430890 Getúlio Vargas";1
"430900 Giruá";4
"430910 Gramado";10
"430915 Gramado Xavier";2
"430920 Gravataí";139
"430930 Guaíba";25
"430940 Guaporé";7
"430950 Guarani das Missões";4
"430955 Harmonia";1
"430710 Herval";3
"430960 Horizontina";2
"430965 Hulha Negra";2
"430980 Ibiaçá";1
"430995 Ibirapuitã";1
"431000 Ibirubá";7
"431010 Igrejinha";15
"431020 Ijuí";14
"431030 Ilópolis";1
"431033 Imbé";10
"431060 Itaqui";15
"431080 Ivoti";3
"431085 Jaboticaba";1
"431100 Jaguarão";6
"431110 Jaguari";2
"431112 Jaquirana";1
"431120 Júlio de Castilhos";6
"431127 Lagoa dos Três Cantos";2
"431130 Lagoa Vermelha";9
"431140 Lajeado";24
"431150 Lavras do Sul";2
"431162 Lindolfo Collor";2
"431175 Manoel Viana";1
"431180 Marau";3
"431198 Mariana Pimentel";1
"431210 Mata";1
"431213 Mato Castelhano";1
"431220 Maximiliano de Almeida";1
"431225 Minas do Leão";5
"431240 Montenegro";26
"431247 Morro Reuter";1
"431250 Mostardas";5
"431260 Muçum";1
"431265 Não-Me-Toque";3
"431270 Nonoai";2
"431280 Nova Araçá";1
"431306 Nova Hartz";4
"431330 Nova Prata";3
"431337 Nova Santa Rita";8
"431340 Novo Hamburgo";93
"431346 Novo Xingu";1
"431350 Osório";23
"431365 Palmares do Sul";5
"431370 Palmeira das Missões";6
"431380 Palmitinho";2
"431390 Panambi";8
"431395 Pantano Grande";6
"431402 Paraíso do Sul";1
"431405 Parobé";10
"431410 Passo Fundo";49
"431415 Paverama";2
"431420 Pedro Osório";2
"431440 Pelotas";132
"431445 Pinhal";3
"431447 Pinhal Grande";1
"431450 Pinheiro Machado";2
"431477 Pontão";1
"431480 Portão";7
"431490 Porto Alegre";1093
"431500 Porto Lucena";1
"431510 Porto Xavier";2
"431515 Progresso";1
"431530 Quaraí";2
"431540 Redentora";1
"431550 Restinga Seca";7
"431560 Rio Grande";127
"431570 Rio Pardo";18
"431600 Rolante";3
"431610 Ronda Alta";1
"431630 Roque Gonzales";1
"431640 Rosário do Sul";5
"431650 Salvador do Sul";1
"431660 Sananduva";2
"431670 Santa Bárbara do Sul";2
"431680 Santa Cruz do Sul";61
"431690 Santa Maria";85
"431720 Santa Rosa";16
"431730 Santa Vitória do Palmar";14
"431700 Santana da Boa Vista";2
"431710 Santana do Livramento";21
"431740 Santiago";14
"431750 Santo Ângelo";17
"431760 Santo Antônio da Patrulha";10
"431780 Santo Augusto";1
"431800 São Borja";15
"431805 São Domingos do Sul";1
"431810 São Francisco de Assis";1
"431820 São Francisco de Paula";5
"431830 São Gabriel";14
"431840 São Jerônimo";13
"431848 São José do Hortêncio";1
"431850 São José do Norte";7
"431870 São Leopoldo";107
"431880 São Lourenço do Sul";1
"431890 São Luiz Gonzaga";12
"431900 São Marcos";5
"431915 São Miguel das Missões";1
"431936 São Pedro das Missões";2
"431937 São Pedro do Butiá";1
"431940 São Pedro do Sul";2
"431950 São Sebastião do Caí";7
"431960 São Sepé";1
"431980 São Vicente do Sul";2
"431990 Sapiranga";16
"432000 Sapucaia do Sul";82
"432010 Sarandi";2
"432020 Seberi";1
"432035 Sentinela do Sul";2
"432055 Sertão Santana";1
"432067 Sinimbu";1
"432070 Sobradinho";1
"432080 Soledade";7
"432085 Tabaí";1
"432090 Tapejara";3
"432100 Tapera";3
"432110 Tapes";5
"432120 Taquara";12
"432130 Taquari";1
"432135 Tavares";1
"432140 Tenente Portela";1
"432145 Teutônia";11
"432146 Tio Hugo";1
"432147 Tiradentes do Sul";1
"432150 Torres";11
"432160 Tramandaí";30
"432166 Três Cachoeiras";1
"432170 Três Coroas";10
"432180 Três de Maio";3
"432190 Três Passos";6
"432200 Triunfo";2
"432220 Tupanciretã";2
"432225 Tupandi";1
"432230 Tuparendi";1
"432232 Turuçu";1
"432240 Uruguaiana";46
"432250 Vacaria";20
"432260 Venâncio Aires";11
"432270 Vera Cruz";3
"432280 Veranópolis";8
"432300 Viamão";143
"432380 Xangri-lá";14
"500020 Água Clara";3
"500025 Alcinópolis";1
"500060 Amambaí";5
"500070 Anastácio";1
"500080 Anaurilândia";2
"500090 Antônio João";1
"500100 Aparecida do Taboado";5
"500110 Aquidauana";13
"500150 Bandeirantes";2
"500190 Bataguassu";1
"500200 Batayporã";2
"500210 Bela Vista";4
"500215 Bodoquena";1
"500230 Brasilândia";4
"500240 Caarapó";2
"500260 Camapuã";1
"500270 Campo Grande";225
"500280 Caracol";1
"500290 Cassilândia";3
"500295 Chapadão do Sul";3
"500315 Coronel Sapucaia";5
"500320 Corumbá";22
"500325 Costa Rica";7
"500330 Coxim";8
"500345 Deodápolis";1
"500350 Douradina";1
"500370 Dourados";52
"500375 Eldorado";4
"500380 Fátima do Sul";1
"500390 Figueirão";1
"500410 Guia Lopes da Laguna";1
"500430 Iguatemi";4
"500440 Inocência";1
"500450 Itaporã";1
"500460 Itaquiraí";1
"500470 Ivinhema";2
"500480 Japorã";2
"500500 Jardim";5
"500515 Juti";2
"500520 Ladário";2
"500540 Maracaju";4
"500560 Miranda";2
"500570 Naviraí";17
"500600 Nova Alvorada do Sul";2
"500620 Nova Andradina";11
"500630 Paranaíba";9
"500660 Ponta Porã";25
"500690 Porto Murtinho";2
"500710 Ribas do Rio Pardo";3
"500720 Rio Brilhante";7
"500730 Rio Negro";1
"500740 Rio Verde de Mato Grosso";9
"500769 São Gabriel do Oeste";4
"500770 Sete Quedas";1
"500790 Sidrolândia";5
"500793 Sonora";3
"500795 Tacuru";3
"500830 Três Lagoas";25
"510020 Água Boa";3
"510025 Alta Floresta";4
"510030 Alto Araguaia";3
"510040 Alto Garças";2
"510060 Alto Taquari";3
"510080 Apiacás";1
"510100 Araguaiana";1
"510125 Araputanga";1
"510130 Arenápolis";1
"510140 Aripuanã";6
"510170 Barra do Bugres";3
"510180 Barra do Garças";12
"510190 Brasnorte";1
"510250 Cáceres";10
"510263 Campo Novo do Parecis";4
"510267 Campo Verde";3
"510269 Canabrava do Norte";1
"510300 Chapada dos Guimarães";1
"510305 Cláudia";1
"510320 Colíder";2
"510330 Comodoro";2
"510335 Confresa";3
"510337 Cotriguaçu";1
"510340 Cuiabá";152
"510343 Curvelândia";1
"510345 Denise";2
"510350 Diamantino";2
"510360 Dom Aquino";1
"510370 Feliz Natal";2
"510410 Guarantã do Norte";6
"510420 Guiratinga";1
"510450 Indiavaí";1
"510460 Itiquira";4
"510480 Jaciara";6
"510510 Juara";4
"510515 Juína";10
"510520 Juscimeira";2
"510525 Lucas do Rio Verde";11
"510530 Luciára";1
"510558 Marcelândia";3
"510560 Matupá";1
"510562 Mirassol d'Oeste";1
"510590 Nobres";5
"510880 Nova Guarita";2
"510618 Nova Lacerda";1
"510895 Nova Monte Verde";2
"510622 Nova Mutum";7
"510624 Nova Ubiratã";4
"510625 Nova Xavantina";2
"510627 Novo Horizonte do Norte";1
"510626 Novo Mundo";4
"510629 Paranaíta";1
"510630 Paranatinga";4
"510642 Peixoto de Azevedo";5
"510665 Pontal do Araguaia";1
"510675 Pontes e Lacerda";2
"510677 Porto Alegre do Norte";1
"510682 Porto Esperidião";2
"510700 Poxoréo";5
"510704 Primavera do Leste";21
"510760 Rondonópolis";136
"510770 Rosário Oeste";3
"510774 Santa Cruz do Xingu";1
"510776 Santa Rita do Trivelato";1
"510779 Santo Antônio do Leste";2
"510780 Santo Antônio do Leverger";1
"510710 São José dos Quatro Marcos";2
"510787 Sapezal";4
"510790 Sinop";28
"510792 Sorriso";16
"510795 Tangará da Serra";17
"510800 Tapurah";3
"510835 Vale de São Domingos";1
"510840 Várzea Grande";60
"510860 Vila Rica";1
"520005 Abadia de Goiás";2
"520010 Abadiânia";3
"520013 Acreúna";2
"520025 Águas Lindas de Goiás";11
"520030 Alexânia";1
"520080 Alvorada do Norte";5
"520110 Anápolis";67
"520120 Anhanguera";1
"520140 Aparecida de Goiânia";81
"520170 Aragarças";1
"520280 Avelinópolis";1
"520330 Bela Vista de Goiás";1
"520350 Bom Jesus de Goiás";6
"520355 Bonfinópolis";1
"520360 Brazabrantes";1
"520380 Britânia";1
"520390 Buriti Alegre";1
"520425 Cachoeira Dourada";2
"520430 Caçu";3
"520440 Caiapônia";3
"520450 Caldas Novas";13
"520460 Campestre de Goiás";1
"520500 Carmo do Rio Verde";1
"520510 Catalão";9
"520520 Caturaí";1
"520540 Ceres";4
"520547 Chapadão do Céu";1
"520549 Cidade Ocidental";17
"520551 Cocalzinho de Goiás";1
"520552 Colinas do Sul";1
"520580 Corumbá de Goiás";1
"520620 Cristalina";6
"520640 Crixás";1
"520660 Cumari";1
"520740 Edéia";2
"520780 Firminópolis";1
"520800 Formosa";9
"520810 Formoso";2
"520815 Gameleira de Goiás";1
"520840 Goianápolis";1
"520850 Goiandira";1
"520860 Goianésia";5
"520870 Goiânia";343
"520880 Goianira";15
"520890 Goiás";4
"520910 Goiatuba";6
"520920 Guapó";2
"520929 Guaraíta";1
"520970 Hidrolândia";2
"520995 Indiara";3
"521000 Inhumas";8
"521010 Ipameri";2
"521020 Iporá";4
"521040 Itaberaí";2
"521080 Itajá";2
"521120 Itapuranga";1
"521130 Itarumã";2
"521150 Itumbiara";38
"521170 Jandaia";1
"521180 Jaraguá";5
"521190 Jataí";30
"521220 Jussara";1
"521230 Leopoldo de Bulhões";2
"521250 Luziânia";31
"521295 Matrinchã";1
"521300 Maurilândia";2
"521308 Minaçu";2
"521310 Mineiros";11
"521340 Moiporá";1
"521350 Monte Alegre de Goiás";2
"521375 Montividiu";2
"521380 Morrinhos";15
"521400 Mozarlândia";1
"521440 Nazário";3
"521460 Niquelândia";3
"521500 Nova Veneza";1
"521523 Novo Gama";14
"521530 Orizona";1
"521540 Ouro Verde de Goiás";1
"521550 Ouvidor";1
"521560 Padre Bernardo";4
"521565 Palestina de Goiás";1
"521570 Palmeiras de Goiás";4
"521590 Palminópolis";1
"521630 Paranaiguara";2
"521640 Paraúna";1
"521710 Piracanjuba";1
"521740 Pires do Rio";2
"521760 Planaltina";6
"521800 Porangatu";3
"521805 Porteirão";2
"521839 Professor Jamil";1
"521850 Quirinópolis";7
"521860 Rialma";1
"521880 Rio Verde";27
"521890 Rubiataba";2
"521910 Santa Bárbara de Goiás";4
"521930 Santa Helena de Goiás";2
"521940 Santa Rita do Araguaia";1
"521970 Santa Terezinha de Goiás";1
"521975 Santo Antônio do Descoberto";6
"522010 São Luís de Montes Belos";7
"522020 São Miguel do Araguaia";1
"522040 São Simão";2
"522045 Senador Canedo";19
"522050 Serranópolis";2
"522060 Silvânia";3
"522068 Simolândia";1
"522130 Três Ranchos";2
"522140 Trindade";15
"522150 Turvânia";1
"522160 Uruaçu";4
"522170 Uruana";1
"522185 Valparaíso de Goiás";25
"522200 Vianópolis";1
"520720 Dois Irmãos (transf. p/TO)";1
"530010 Brasília";511
